-- MySQL Script generated by MySQL Workbench
-- Fri Jul 17 10:43:33 2020
-- Model: New Model    Version: 1.0
-- MySQL Workbench Forward Engineering


-- -----------------------------------------------------
-- Schema PGESTpizza
-- -----------------------------------------------------

-- -----------------------------------------------------
-- Table `PGESTpizza`.`client`
-- -----------------------------------------------------

INSERT INTO `pgestpizza`.`client` (`id_client`, `nom`, `prenom`, `adresse`, `email`, `tel`, `point_fidelite`, `info`) VALUES ('0', 'Dupond', 'Marc', '22 rue des Accacias 75012 Paris', 'marc025@gmail.com', '0645253128', '47', '');
INSERT INTO `pgestpizza`.`client` (`id_client`, `nom`, `prenom`, `adresse`, `email`, `tel`, `point_fidelite`) VALUES ('1', 'Jarg', 'Nathalie', '5 rue de Biberons 92000 Nanterre', 'natnat528@gmail.com', '0782563691', '34');
INSERT INTO `pgestpizza`.`client` (`id_client`, `nom`, `prenom`, `adresse`, `email`, `tel`, `point_fidelite`) VALUES ('2', 'Balet', 'Pierre', '2 rue Saillans 75001 Paris', 'pierrot2632@gmail.com', '0645328514', '30');

-- -----------------------------------------------------
-- Table `PGESTpizza`.`pizzaria`
-- -----------------------------------------------------

INSERT INTO `pgestpizza`.`pizzaria` (`id_pizzaria`, `nom`, `adresse`) VALUES ('1', 'OCPizza', '25 rue Paton 75018 Paris');

-- -----------------------------------------------------
-- Table `PGESTpizza`.`employe`
-- -----------------------------------------------------

INSERT INTO `pgestpizza`.`employe` (`id_employe`, `statut`, `nom`, `prenom`, `adresse`, `email`, `tel`, `info`, `pizzaria_id_pizzaria`) VALUES ('1', 'Pizzaïolo', 'Belucciano', 'Gustavo', '25 rue Paton 75018 Paris', 'gusbelu75000@hotmail.fr', '0646582031', 'patron du groupe des pizzerias OCPizza avec sa femme Rita Fernandez', '1');
INSERT INTO `pgestpizza`.`employe` (`id_employe`, `statut`, `nom`, `prenom`, `adresse`, `email`, `tel`, `info`, `pizzaria_id_pizzaria`) VALUES ('2', 'Standardiste', 'Fernandez', 'Rita', '25 rue Paton 75018 Paris', 'ritalabossdu75@hotmail.fr', '0756235421', 'femme du patron Gustavo', '1');
INSERT INTO `pgestpizza`.`employe` (`id_employe`, `statut`, `nom`, `prenom`, `adresse`, `email`, `tel`, `info`, `pizzaria_id_pizzaria`) VALUES ('3', 'Livreur', 'Meter', 'Patrique', '5 rue des Buttes 75019 Paris', 'patlemecdiscret520@gmail.com', '0652489637', 'toujour à l\'heure et enjoué ', '1');

-- -----------------------------------------------------
-- Table `PGESTpizza`.`pizza`
-- -----------------------------------------------------

INSERT INTO `pgestpizza`.`pizza` (`id_pizza`, `nom`, `taille`, `prix`) VALUES ('1', 'Margherita', 'S', '12.5');
INSERT INTO `pgestpizza`.`pizza` (`id_pizza`, `nom`, `taille`, `prix`) VALUES ('2', 'Margherita', 'M', '15');
INSERT INTO `pgestpizza`.`pizza` (`id_pizza`, `nom`, `taille`, `prix`) VALUES ('3', 'Margherita', 'L', '18');
INSERT INTO `pgestpizza`.`pizza` (`id_pizza`, `nom`, `taille`, `prix`) VALUES ('4', '4 Fromages', 'S', '12.5');
INSERT INTO `pgestpizza`.`pizza` (`id_pizza`, `nom`, `taille`, `prix`) VALUES ('5', '4 Fromages', 'M', '15');
INSERT INTO `pgestpizza`.`pizza` (`id_pizza`, `nom`, `taille`, `prix`) VALUES ('6', '4 Fromages', 'L', '18');
INSERT INTO `pgestpizza`.`pizza` (`id_pizza`, `nom`, `taille`, `prix`) VALUES ('7', 'Fermière', 'S', '12.5');
INSERT INTO `pgestpizza`.`pizza` (`id_pizza`, `nom`, `taille`, `prix`) VALUES ('8', 'Fermière', 'M', '15');
INSERT INTO `pgestpizza`.`pizza` (`id_pizza`, `nom`, `taille`, `prix`) VALUES ('9', 'Fermière', 'L', '18');
INSERT INTO `pgestpizza`.`pizza` (`id_pizza`, `nom`, `taille`, `prix`) VALUES ('10', 'Bolognèse', 'S', '12.5');
INSERT INTO `pgestpizza`.`pizza` (`id_pizza`, `nom`, `taille`, `prix`) VALUES ('11', 'Bolognèse', 'M', '15');
INSERT INTO `pgestpizza`.`pizza` (`id_pizza`, `nom`, `taille`, `prix`) VALUES ('12', 'Bolognèse', 'L', '18');
INSERT INTO `pgestpizza`.`pizza` (`id_pizza`, `nom`, `taille`, `prix`) VALUES ('13', 'Peperroni', 'S', '12.5');
INSERT INTO `pgestpizza`.`pizza` (`id_pizza`, `nom`, `taille`, `prix`) VALUES ('14', 'Peperroni', 'M', '15');
INSERT INTO `pgestpizza`.`pizza` (`id_pizza`, `nom`, `taille`, `prix`) VALUES ('15', 'Peperroni', 'L', '18');
INSERT INTO `pgestpizza`.`pizza` (`id_pizza`, `nom`, `taille`, `prix`) VALUES ('16', 'Coca-cola', 'S', '2');
INSERT INTO `pgestpizza`.`pizza` (`id_pizza`, `nom`, `taille`, `prix`) VALUES ('17', 'Orangina', 'S', '2');
INSERT INTO `pgestpizza`.`pizza` (`id_pizza`, `nom`, `taille`, `prix`) VALUES ('18', 'Perrier', 'S', '2');

-- -----------------------------------------------------
-- Table `PGESTpizza`.`produit`
-- -----------------------------------------------------

INSERT INTO `pgestpizza`.`produit` (`id_produit`, `nom`, `quantite_un_gr_cl`, `pizzaria_id_pizzaria`) VALUES ('1', 'patte à pizza', '5000', '1');
INSERT INTO `pgestpizza`.`produit` (`id_produit`, `nom`, `quantite_un_gr_cl`, `pizzaria_id_pizzaria`) VALUES ('2', 'sauce tomate', '500', '1');
INSERT INTO `pgestpizza`.`produit` (`id_produit`, `nom`, `quantite_un_gr_cl`, `pizzaria_id_pizzaria`) VALUES ('3', 'crème fraîche', '500', '1');
INSERT INTO `pgestpizza`.`produit` (`id_produit`, `nom`, `quantite_un_gr_cl`, `pizzaria_id_pizzaria`) VALUES ('4', 'emmental', '500', '1');
INSERT INTO `pgestpizza`.`produit` (`id_produit`, `nom`, `quantite_un_gr_cl`, `pizzaria_id_pizzaria`) VALUES ('5', 'mozzarella', '500', '1');
INSERT INTO `pgestpizza`.`produit` (`id_produit`, `nom`, `quantite_un_gr_cl`, `pizzaria_id_pizzaria`) VALUES ('6', 'gorgonzolla', '500', '1');
INSERT INTO `pgestpizza`.`produit` (`id_produit`, `nom`, `quantite_un_gr_cl`, `pizzaria_id_pizzaria`) VALUES ('7', 'champignon', '500', '1');
INSERT INTO `pgestpizza`.`produit` (`id_produit`, `nom`, `quantite_un_gr_cl`, `pizzaria_id_pizzaria`) VALUES ('8', 'oeuf', '18', '1');
INSERT INTO `pgestpizza`.`produit` (`id_produit`, `nom`, `quantite_un_gr_cl`, `pizzaria_id_pizzaria`) VALUES ('9', 'patate', '1000', '1');
INSERT INTO `pgestpizza`.`produit` (`id_produit`, `nom`, `quantite_un_gr_cl`, `pizzaria_id_pizzaria`) VALUES ('10', 'épaule', '500', '1');
INSERT INTO `pgestpizza`.`produit` (`id_produit`, `nom`, `quantite_un_gr_cl`, `pizzaria_id_pizzaria`) VALUES ('11', 'lardon', '500', '1');
INSERT INTO `pgestpizza`.`produit` (`id_produit`, `nom`, `quantite_un_gr_cl`, `pizzaria_id_pizzaria`) VALUES ('12', 'boeuf', '500', '1');
INSERT INTO `pgestpizza`.`produit` (`id_produit`, `nom`, `quantite_un_gr_cl`, `pizzaria_id_pizzaria`) VALUES ('13', 'peperroni', '500', '1');
INSERT INTO `pgestpizza`.`produit` (`id_produit`, `nom`, `quantite_un_gr_cl`, `pizzaria_id_pizzaria`) VALUES ('14', 'oignon', '200', '1');
INSERT INTO `pgestpizza`.`produit` (`id_produit`, `nom`, `quantite_un_gr_cl`, `pizzaria_id_pizzaria`) VALUES ('15', 'basilic', '200', '1');
INSERT INTO `pgestpizza`.`produit` (`id_produit`, `nom`, `quantite_un_gr_cl`, `pizzaria_id_pizzaria`) VALUES ('16', 'herbes', '200', '1');
INSERT INTO `pgestpizza`.`produit` (`id_produit`, `nom`, `quantite_un_gr_cl`, `pizzaria_id_pizzaria`) VALUES ('17', 'poivron', '500', '1');
INSERT INTO `pgestpizza`.`produit` (`id_produit`, `nom`, `quantite_un_gr_cl`, `pizzaria_id_pizzaria`) VALUES ('18', 'aïl', '500', '1');
INSERT INTO `pgestpizza`.`produit` (`id_produit`, `nom`, `quantite_un_gr_cl`, `pizzaria_id_pizzaria`) VALUES ('19', 'roquette', '500', '1');
INSERT INTO `pgestpizza`.`produit` (`id_produit`, `nom`, `quantite_un_gr_cl`, `pizzaria_id_pizzaria`) VALUES ('20', 'coca-cola', '20', '1');
INSERT INTO `pgestpizza`.`produit` (`id_produit`, `nom`, `quantite_un_gr_cl`, `pizzaria_id_pizzaria`) VALUES ('21', 'orangina', '20', '1');
INSERT INTO `pgestpizza`.`produit` (`id_produit`, `nom`, `quantite_un_gr_cl`, `pizzaria_id_pizzaria`) VALUES ('22', 'vin rouge', '20', '1');
INSERT INTO `pgestpizza`.`produit` (`id_produit`, `nom`, `quantite_un_gr_cl`, `pizzaria_id_pizzaria`) VALUES ('23', 'perrier', '20', '1');

-- -----------------------------------------------------
-- Table `PGESTpizza`.`recette`
-- -----------------------------------------------------

INSERT INTO `pgestpizza`.`recette` (`id_recette`, `pizza_id_pizza`, `produit_id_produit`, `quantite_un_gr_cl`) VALUES ('1', '1', '1', '200');
INSERT INTO `pgestpizza`.`recette` (`id_recette`, `pizza_id_pizza`, `produit_id_produit`, `quantite_un_gr_cl`) VALUES ('2', '1', '2', '10');
INSERT INTO `pgestpizza`.`recette` (`id_recette`, `pizza_id_pizza`, `produit_id_produit`, `quantite_un_gr_cl`) VALUES ('3', '1', '5', '100');
INSERT INTO `pgestpizza`.`recette` (`id_recette`, `pizza_id_pizza`, `produit_id_produit`, `quantite_un_gr_cl`) VALUES ('4', '1', '7', '10');
INSERT INTO `pgestpizza`.`recette` (`id_recette`, `pizza_id_pizza`, `produit_id_produit`, `quantite_un_gr_cl`) VALUES ('5', '1', '8', '1');
INSERT INTO `pgestpizza`.`recette` (`id_recette`, `pizza_id_pizza`, `produit_id_produit`, `quantite_un_gr_cl`) VALUES ('6', '1', '10', '30');
INSERT INTO `pgestpizza`.`recette` (`id_recette`, `pizza_id_pizza`, `produit_id_produit`, `quantite_un_gr_cl`) VALUES ('7', '1', '14', '10');
INSERT INTO `pgestpizza`.`recette` (`id_recette`, `pizza_id_pizza`, `produit_id_produit`, `quantite_un_gr_cl`) VALUES ('8', '1', '15', '10');
INSERT INTO `pgestpizza`.`recette` (`id_recette`, `pizza_id_pizza`, `produit_id_produit`, `quantite_un_gr_cl`) VALUES ('9', '1', '16', '10');
INSERT INTO `pgestpizza`.`recette` (`id_recette`, `pizza_id_pizza`, `produit_id_produit`, `quantite_un_gr_cl`) VALUES ('10', '1', '18', '5');
INSERT INTO `pgestpizza`.`recette` (`id_recette`, `pizza_id_pizza`, `produit_id_produit`, `quantite_un_gr_cl`) VALUES ('11', '2', '1', '225');
INSERT INTO `pgestpizza`.`recette` (`id_recette`, `pizza_id_pizza`, `produit_id_produit`, `quantite_un_gr_cl`) VALUES ('12', '2', '2', '15');
INSERT INTO `pgestpizza`.`recette` (`id_recette`, `pizza_id_pizza`, `produit_id_produit`, `quantite_un_gr_cl`) VALUES ('13', '2', '5', '150');
INSERT INTO `pgestpizza`.`recette` (`id_recette`, `pizza_id_pizza`, `produit_id_produit`, `quantite_un_gr_cl`) VALUES ('14', '2', '7', '15');
INSERT INTO `pgestpizza`.`recette` (`id_recette`, `pizza_id_pizza`, `produit_id_produit`, `quantite_un_gr_cl`) VALUES ('15', '2', '8', '1');
INSERT INTO `pgestpizza`.`recette` (`id_recette`, `pizza_id_pizza`, `produit_id_produit`, `quantite_un_gr_cl`) VALUES ('16', '2', '10', '45');
INSERT INTO `pgestpizza`.`recette` (`id_recette`, `pizza_id_pizza`, `produit_id_produit`, `quantite_un_gr_cl`) VALUES ('17', '2', '14', '15');
INSERT INTO `pgestpizza`.`recette` (`id_recette`, `pizza_id_pizza`, `produit_id_produit`, `quantite_un_gr_cl`) VALUES ('18', '2', '15', '15');
INSERT INTO `pgestpizza`.`recette` (`id_recette`, `pizza_id_pizza`, `produit_id_produit`, `quantite_un_gr_cl`) VALUES ('19', '2', '16', '15');
INSERT INTO `pgestpizza`.`recette` (`id_recette`, `pizza_id_pizza`, `produit_id_produit`, `quantite_un_gr_cl`) VALUES ('20', '2', '18', '7');
INSERT INTO `pgestpizza`.`recette` (`id_recette`, `pizza_id_pizza`, `produit_id_produit`, `quantite_un_gr_cl`) VALUES ('21', '3', '1', '250');
INSERT INTO `pgestpizza`.`recette` (`id_recette`, `pizza_id_pizza`, `produit_id_produit`, `quantite_un_gr_cl`) VALUES ('22', '3', '2', '20');
INSERT INTO `pgestpizza`.`recette` (`id_recette`, `pizza_id_pizza`, `produit_id_produit`, `quantite_un_gr_cl`) VALUES ('23', '3', '5', '200');
INSERT INTO `pgestpizza`.`recette` (`id_recette`, `pizza_id_pizza`, `produit_id_produit`, `quantite_un_gr_cl`) VALUES ('24', '3', '7', '20');
INSERT INTO `pgestpizza`.`recette` (`id_recette`, `pizza_id_pizza`, `produit_id_produit`, `quantite_un_gr_cl`) VALUES ('25', '3', '8', '1');
INSERT INTO `pgestpizza`.`recette` (`id_recette`, `pizza_id_pizza`, `produit_id_produit`, `quantite_un_gr_cl`) VALUES ('26', '3', '10', '60');
INSERT INTO `pgestpizza`.`recette` (`id_recette`, `pizza_id_pizza`, `produit_id_produit`, `quantite_un_gr_cl`) VALUES ('27', '3', '14', '20');
INSERT INTO `pgestpizza`.`recette` (`id_recette`, `pizza_id_pizza`, `produit_id_produit`, `quantite_un_gr_cl`) VALUES ('28', '3', '15', '20');
INSERT INTO `pgestpizza`.`recette` (`id_recette`, `pizza_id_pizza`, `produit_id_produit`, `quantite_un_gr_cl`) VALUES ('29', '3', '16', '20');
INSERT INTO `pgestpizza`.`recette` (`id_recette`, `pizza_id_pizza`, `produit_id_produit`, `quantite_un_gr_cl`) VALUES ('30', '3', '18', '10');
INSERT INTO `pgestpizza`.`recette` (`id_recette`, `pizza_id_pizza`, `produit_id_produit`, `quantite_un_gr_cl`) VALUES ('31', '4', '1', '200');
INSERT INTO `pgestpizza`.`recette` (`id_recette`, `pizza_id_pizza`, `produit_id_produit`, `quantite_un_gr_cl`) VALUES ('32', '4', '3', '40');
INSERT INTO `pgestpizza`.`recette` (`id_recette`, `pizza_id_pizza`, `produit_id_produit`, `quantite_un_gr_cl`) VALUES ('33', '4', '4', '40');
INSERT INTO `pgestpizza`.`recette` (`id_recette`, `pizza_id_pizza`, `produit_id_produit`, `quantite_un_gr_cl`) VALUES ('34', '4', '5', '40');
INSERT INTO `pgestpizza`.`recette` (`id_recette`, `pizza_id_pizza`, `produit_id_produit`, `quantite_un_gr_cl`) VALUES ('35', '4', '6', '40');
INSERT INTO `pgestpizza`.`recette` (`id_recette`, `pizza_id_pizza`, `produit_id_produit`, `quantite_un_gr_cl`) VALUES ('36', '4', '16', '10');
INSERT INTO `pgestpizza`.`recette` (`id_recette`, `pizza_id_pizza`, `produit_id_produit`, `quantite_un_gr_cl`) VALUES ('37', '5', '1', '225');
INSERT INTO `pgestpizza`.`recette` (`id_recette`, `pizza_id_pizza`, `produit_id_produit`, `quantite_un_gr_cl`) VALUES ('38', '5', '3', '60');
INSERT INTO `pgestpizza`.`recette` (`id_recette`, `pizza_id_pizza`, `produit_id_produit`, `quantite_un_gr_cl`) VALUES ('39', '5', '4', '60');
INSERT INTO `pgestpizza`.`recette` (`id_recette`, `pizza_id_pizza`, `produit_id_produit`, `quantite_un_gr_cl`) VALUES ('40', '5', '5', '60');
INSERT INTO `pgestpizza`.`recette` (`id_recette`, `pizza_id_pizza`, `produit_id_produit`, `quantite_un_gr_cl`) VALUES ('41', '5', '6', '60');
INSERT INTO `pgestpizza`.`recette` (`id_recette`, `pizza_id_pizza`, `produit_id_produit`, `quantite_un_gr_cl`) VALUES ('42', '5', '16', '15');
INSERT INTO `pgestpizza`.`recette` (`id_recette`, `pizza_id_pizza`, `produit_id_produit`, `quantite_un_gr_cl`) VALUES ('43', '6', '1', '250');
INSERT INTO `pgestpizza`.`recette` (`id_recette`, `pizza_id_pizza`, `produit_id_produit`, `quantite_un_gr_cl`) VALUES ('44', '6', '3', '80');
INSERT INTO `pgestpizza`.`recette` (`id_recette`, `pizza_id_pizza`, `produit_id_produit`, `quantite_un_gr_cl`) VALUES ('45', '6', '4', '80');
INSERT INTO `pgestpizza`.`recette` (`id_recette`, `pizza_id_pizza`, `produit_id_produit`, `quantite_un_gr_cl`) VALUES ('46', '6', '5', '80');
INSERT INTO `pgestpizza`.`recette` (`id_recette`, `pizza_id_pizza`, `produit_id_produit`, `quantite_un_gr_cl`) VALUES ('47', '6', '6', '80');
INSERT INTO `pgestpizza`.`recette` (`id_recette`, `pizza_id_pizza`, `produit_id_produit`, `quantite_un_gr_cl`) VALUES ('48', '6', '16', '20');
INSERT INTO `pgestpizza`.`recette` (`id_recette`, `pizza_id_pizza`, `produit_id_produit`, `quantite_un_gr_cl`) VALUES ('49', '7', '1', '200');
INSERT INTO `pgestpizza`.`recette` (`id_recette`, `pizza_id_pizza`, `produit_id_produit`, `quantite_un_gr_cl`) VALUES ('50', '7', '3', '40');
INSERT INTO `pgestpizza`.`recette` (`id_recette`, `pizza_id_pizza`, `produit_id_produit`, `quantite_un_gr_cl`) VALUES ('51', '7', '4', '40');
INSERT INTO `pgestpizza`.`recette` (`id_recette`, `pizza_id_pizza`, `produit_id_produit`, `quantite_un_gr_cl`) VALUES ('52', '7', '6', '40');
INSERT INTO `pgestpizza`.`recette` (`id_recette`, `pizza_id_pizza`, `produit_id_produit`, `quantite_un_gr_cl`) VALUES ('53', '7', '7', '10');
INSERT INTO `pgestpizza`.`recette` (`id_recette`, `pizza_id_pizza`, `produit_id_produit`, `quantite_un_gr_cl`) VALUES ('54', '7', '8', '1');
INSERT INTO `pgestpizza`.`recette` (`id_recette`, `pizza_id_pizza`, `produit_id_produit`, `quantite_un_gr_cl`) VALUES ('55', '7', '9', '20');
INSERT INTO `pgestpizza`.`recette` (`id_recette`, `pizza_id_pizza`, `produit_id_produit`, `quantite_un_gr_cl`) VALUES ('56', '7', '11', '20');
INSERT INTO `pgestpizza`.`recette` (`id_recette`, `pizza_id_pizza`, `produit_id_produit`, `quantite_un_gr_cl`) VALUES ('57', '7', '14', '20');
INSERT INTO `pgestpizza`.`recette` (`id_recette`, `pizza_id_pizza`, `produit_id_produit`, `quantite_un_gr_cl`) VALUES ('58', '7', '16', '20');
INSERT INTO `pgestpizza`.`recette` (`id_recette`, `pizza_id_pizza`, `produit_id_produit`, `quantite_un_gr_cl`) VALUES ('59', '8', '1', '225');
INSERT INTO `pgestpizza`.`recette` (`id_recette`, `pizza_id_pizza`, `produit_id_produit`, `quantite_un_gr_cl`) VALUES ('60', '8', '3', '60');
INSERT INTO `pgestpizza`.`recette` (`id_recette`, `pizza_id_pizza`, `produit_id_produit`, `quantite_un_gr_cl`) VALUES ('61', '8', '4', '60');
INSERT INTO `pgestpizza`.`recette` (`id_recette`, `pizza_id_pizza`, `produit_id_produit`, `quantite_un_gr_cl`) VALUES ('62', '8', '6', '60');
INSERT INTO `pgestpizza`.`recette` (`id_recette`, `pizza_id_pizza`, `produit_id_produit`, `quantite_un_gr_cl`) VALUES ('63', '8', '7', '15');
INSERT INTO `pgestpizza`.`recette` (`id_recette`, `pizza_id_pizza`, `produit_id_produit`, `quantite_un_gr_cl`) VALUES ('64', '8', '8', '1');
INSERT INTO `pgestpizza`.`recette` (`id_recette`, `pizza_id_pizza`, `produit_id_produit`, `quantite_un_gr_cl`) VALUES ('65', '8', '9', '30');
INSERT INTO `pgestpizza`.`recette` (`id_recette`, `pizza_id_pizza`, `produit_id_produit`, `quantite_un_gr_cl`) VALUES ('66', '8', '11', '30');
INSERT INTO `pgestpizza`.`recette` (`id_recette`, `pizza_id_pizza`, `produit_id_produit`, `quantite_un_gr_cl`) VALUES ('67', '8', '14', '30');
INSERT INTO `pgestpizza`.`recette` (`id_recette`, `pizza_id_pizza`, `produit_id_produit`, `quantite_un_gr_cl`) VALUES ('68', '8', '16', '30');
INSERT INTO `pgestpizza`.`recette` (`id_recette`, `pizza_id_pizza`, `produit_id_produit`, `quantite_un_gr_cl`) VALUES ('69', '9', '1', '250');
INSERT INTO `pgestpizza`.`recette` (`id_recette`, `pizza_id_pizza`, `produit_id_produit`, `quantite_un_gr_cl`) VALUES ('70', '9', '3', '80');
INSERT INTO `pgestpizza`.`recette` (`id_recette`, `pizza_id_pizza`, `produit_id_produit`, `quantite_un_gr_cl`) VALUES ('71', '9', '4', '80');
INSERT INTO `pgestpizza`.`recette` (`id_recette`, `pizza_id_pizza`, `produit_id_produit`, `quantite_un_gr_cl`) VALUES ('72', '9', '6', '80');
INSERT INTO `pgestpizza`.`recette` (`id_recette`, `pizza_id_pizza`, `produit_id_produit`, `quantite_un_gr_cl`) VALUES ('73', '9', '7', '20');
INSERT INTO `pgestpizza`.`recette` (`id_recette`, `pizza_id_pizza`, `produit_id_produit`, `quantite_un_gr_cl`) VALUES ('74', '9', '8', '1');
INSERT INTO `pgestpizza`.`recette` (`id_recette`, `pizza_id_pizza`, `produit_id_produit`, `quantite_un_gr_cl`) VALUES ('75', '9', '9', '40');
INSERT INTO `pgestpizza`.`recette` (`id_recette`, `pizza_id_pizza`, `produit_id_produit`, `quantite_un_gr_cl`) VALUES ('76', '9', '11', '40');
INSERT INTO `pgestpizza`.`recette` (`id_recette`, `pizza_id_pizza`, `produit_id_produit`, `quantite_un_gr_cl`) VALUES ('77', '9', '14', '40');
INSERT INTO `pgestpizza`.`recette` (`id_recette`, `pizza_id_pizza`, `produit_id_produit`, `quantite_un_gr_cl`) VALUES ('78', '9', '16', '40');
INSERT INTO `pgestpizza`.`recette` (`id_recette`, `pizza_id_pizza`, `produit_id_produit`, `quantite_un_gr_cl`) VALUES ('79', '10', '1', '200');
INSERT INTO `pgestpizza`.`recette` (`id_recette`, `pizza_id_pizza`, `produit_id_produit`, `quantite_un_gr_cl`) VALUES ('80', '10', '2', '10');
INSERT INTO `pgestpizza`.`recette` (`id_recette`, `pizza_id_pizza`, `produit_id_produit`, `quantite_un_gr_cl`) VALUES ('81', '10', '4', '40');
INSERT INTO `pgestpizza`.`recette` (`id_recette`, `pizza_id_pizza`, `produit_id_produit`, `quantite_un_gr_cl`) VALUES ('82', '10', '5', '40');
INSERT INTO `pgestpizza`.`recette` (`id_recette`, `pizza_id_pizza`, `produit_id_produit`, `quantite_un_gr_cl`) VALUES ('83', '10', '7', '10');
INSERT INTO `pgestpizza`.`recette` (`id_recette`, `pizza_id_pizza`, `produit_id_produit`, `quantite_un_gr_cl`) VALUES ('84', '10', '12', '20');
INSERT INTO `pgestpizza`.`recette` (`id_recette`, `pizza_id_pizza`, `produit_id_produit`, `quantite_un_gr_cl`) VALUES ('85', '10', '14', '10');
INSERT INTO `pgestpizza`.`recette` (`id_recette`, `pizza_id_pizza`, `produit_id_produit`, `quantite_un_gr_cl`) VALUES ('86', '10', '15', '10');
INSERT INTO `pgestpizza`.`recette` (`id_recette`, `pizza_id_pizza`, `produit_id_produit`, `quantite_un_gr_cl`) VALUES ('87', '10', '16', '10');
INSERT INTO `pgestpizza`.`recette` (`id_recette`, `pizza_id_pizza`, `produit_id_produit`, `quantite_un_gr_cl`) VALUES ('88', '10', '17', '10');
INSERT INTO `pgestpizza`.`recette` (`id_recette`, `pizza_id_pizza`, `produit_id_produit`, `quantite_un_gr_cl`) VALUES ('89', '11', '1', '225');
INSERT INTO `pgestpizza`.`recette` (`id_recette`, `pizza_id_pizza`, `produit_id_produit`, `quantite_un_gr_cl`) VALUES ('90', '11', '2', '15');
INSERT INTO `pgestpizza`.`recette` (`id_recette`, `pizza_id_pizza`, `produit_id_produit`, `quantite_un_gr_cl`) VALUES ('91', '11', '4', '60');
INSERT INTO `pgestpizza`.`recette` (`id_recette`, `pizza_id_pizza`, `produit_id_produit`, `quantite_un_gr_cl`) VALUES ('92', '11', '5', '60');
INSERT INTO `pgestpizza`.`recette` (`id_recette`, `pizza_id_pizza`, `produit_id_produit`, `quantite_un_gr_cl`) VALUES ('93', '11', '7', '15');
INSERT INTO `pgestpizza`.`recette` (`id_recette`, `pizza_id_pizza`, `produit_id_produit`, `quantite_un_gr_cl`) VALUES ('94', '11', '12', '30');
INSERT INTO `pgestpizza`.`recette` (`id_recette`, `pizza_id_pizza`, `produit_id_produit`, `quantite_un_gr_cl`) VALUES ('95', '11', '14', '15');
INSERT INTO `pgestpizza`.`recette` (`id_recette`, `pizza_id_pizza`, `produit_id_produit`, `quantite_un_gr_cl`) VALUES ('96', '11', '15', '15');
INSERT INTO `pgestpizza`.`recette` (`id_recette`, `pizza_id_pizza`, `produit_id_produit`, `quantite_un_gr_cl`) VALUES ('97', '11', '16', '15');
INSERT INTO `pgestpizza`.`recette` (`id_recette`, `pizza_id_pizza`, `produit_id_produit`, `quantite_un_gr_cl`) VALUES ('98', '11', '17', '15');
INSERT INTO `pgestpizza`.`recette` (`id_recette`, `pizza_id_pizza`, `produit_id_produit`, `quantite_un_gr_cl`) VALUES ('99', '12', '1', '250');
INSERT INTO `pgestpizza`.`recette` (`id_recette`, `pizza_id_pizza`, `produit_id_produit`, `quantite_un_gr_cl`) VALUES ('100', '12', '2', '20');
INSERT INTO `pgestpizza`.`recette` (`id_recette`, `pizza_id_pizza`, `produit_id_produit`, `quantite_un_gr_cl`) VALUES ('101', '12', '4', '80');
INSERT INTO `pgestpizza`.`recette` (`id_recette`, `pizza_id_pizza`, `produit_id_produit`, `quantite_un_gr_cl`) VALUES ('102', '12', '5', '80');
INSERT INTO `pgestpizza`.`recette` (`id_recette`, `pizza_id_pizza`, `produit_id_produit`, `quantite_un_gr_cl`) VALUES ('103', '12', '7', '20');
INSERT INTO `pgestpizza`.`recette` (`id_recette`, `pizza_id_pizza`, `produit_id_produit`, `quantite_un_gr_cl`) VALUES ('104', '12', '12', '40');
INSERT INTO `pgestpizza`.`recette` (`id_recette`, `pizza_id_pizza`, `produit_id_produit`, `quantite_un_gr_cl`) VALUES ('105', '12', '14', '20');
INSERT INTO `pgestpizza`.`recette` (`id_recette`, `pizza_id_pizza`, `produit_id_produit`, `quantite_un_gr_cl`) VALUES ('106', '12', '15', '20');
INSERT INTO `pgestpizza`.`recette` (`id_recette`, `pizza_id_pizza`, `produit_id_produit`, `quantite_un_gr_cl`) VALUES ('107', '12', '16', '20');
INSERT INTO `pgestpizza`.`recette` (`id_recette`, `pizza_id_pizza`, `produit_id_produit`, `quantite_un_gr_cl`) VALUES ('108', '12', '17', '20');
INSERT INTO `pgestpizza`.`recette` (`id_recette`, `pizza_id_pizza`, `produit_id_produit`, `quantite_un_gr_cl`) VALUES ('109', '13', '1', '200');
INSERT INTO `pgestpizza`.`recette` (`id_recette`, `pizza_id_pizza`, `produit_id_produit`, `quantite_un_gr_cl`) VALUES ('110', '13', '2', '10');
INSERT INTO `pgestpizza`.`recette` (`id_recette`, `pizza_id_pizza`, `produit_id_produit`, `quantite_un_gr_cl`) VALUES ('111', '13', '4', '40');
INSERT INTO `pgestpizza`.`recette` (`id_recette`, `pizza_id_pizza`, `produit_id_produit`, `quantite_un_gr_cl`) VALUES ('112', '13', '5', '40');
INSERT INTO `pgestpizza`.`recette` (`id_recette`, `pizza_id_pizza`, `produit_id_produit`, `quantite_un_gr_cl`) VALUES ('113', '13', '7', '10');
INSERT INTO `pgestpizza`.`recette` (`id_recette`, `pizza_id_pizza`, `produit_id_produit`, `quantite_un_gr_cl`) VALUES ('114', '13', '13', '20');
INSERT INTO `pgestpizza`.`recette` (`id_recette`, `pizza_id_pizza`, `produit_id_produit`, `quantite_un_gr_cl`) VALUES ('115', '13', '14', '10');
INSERT INTO `pgestpizza`.`recette` (`id_recette`, `pizza_id_pizza`, `produit_id_produit`, `quantite_un_gr_cl`) VALUES ('116', '13', '15', '10');
INSERT INTO `pgestpizza`.`recette` (`id_recette`, `pizza_id_pizza`, `produit_id_produit`, `quantite_un_gr_cl`) VALUES ('117', '13', '16', '10');
INSERT INTO `pgestpizza`.`recette` (`id_recette`, `pizza_id_pizza`, `produit_id_produit`, `quantite_un_gr_cl`) VALUES ('118', '13', '18', '10');
INSERT INTO `pgestpizza`.`recette` (`id_recette`, `pizza_id_pizza`, `produit_id_produit`, `quantite_un_gr_cl`) VALUES ('119', '14', '1', '225');
INSERT INTO `pgestpizza`.`recette` (`id_recette`, `pizza_id_pizza`, `produit_id_produit`, `quantite_un_gr_cl`) VALUES ('120', '14', '2', '15');
INSERT INTO `pgestpizza`.`recette` (`id_recette`, `pizza_id_pizza`, `produit_id_produit`, `quantite_un_gr_cl`) VALUES ('121', '14', '4', '60');
INSERT INTO `pgestpizza`.`recette` (`id_recette`, `pizza_id_pizza`, `produit_id_produit`, `quantite_un_gr_cl`) VALUES ('122', '14', '5', '60');
INSERT INTO `pgestpizza`.`recette` (`id_recette`, `pizza_id_pizza`, `produit_id_produit`, `quantite_un_gr_cl`) VALUES ('123', '14', '7', '15');
INSERT INTO `pgestpizza`.`recette` (`id_recette`, `pizza_id_pizza`, `produit_id_produit`, `quantite_un_gr_cl`) VALUES ('124', '14', '13', '30');
INSERT INTO `pgestpizza`.`recette` (`id_recette`, `pizza_id_pizza`, `produit_id_produit`, `quantite_un_gr_cl`) VALUES ('125', '14', '14', '15');
INSERT INTO `pgestpizza`.`recette` (`id_recette`, `pizza_id_pizza`, `produit_id_produit`, `quantite_un_gr_cl`) VALUES ('126', '14', '15', '15');
INSERT INTO `pgestpizza`.`recette` (`id_recette`, `pizza_id_pizza`, `produit_id_produit`, `quantite_un_gr_cl`) VALUES ('127', '14', '16', '15');
INSERT INTO `pgestpizza`.`recette` (`id_recette`, `pizza_id_pizza`, `produit_id_produit`, `quantite_un_gr_cl`) VALUES ('128', '14', '18', '15');
INSERT INTO `pgestpizza`.`recette` (`id_recette`, `pizza_id_pizza`, `produit_id_produit`, `quantite_un_gr_cl`) VALUES ('129', '15', '1', '250');
INSERT INTO `pgestpizza`.`recette` (`id_recette`, `pizza_id_pizza`, `produit_id_produit`, `quantite_un_gr_cl`) VALUES ('130', '15', '2', '20');
INSERT INTO `pgestpizza`.`recette` (`id_recette`, `pizza_id_pizza`, `produit_id_produit`, `quantite_un_gr_cl`) VALUES ('131', '15', '4', '80');
INSERT INTO `pgestpizza`.`recette` (`id_recette`, `pizza_id_pizza`, `produit_id_produit`, `quantite_un_gr_cl`) VALUES ('132', '15', '5', '80');
INSERT INTO `pgestpizza`.`recette` (`id_recette`, `pizza_id_pizza`, `produit_id_produit`, `quantite_un_gr_cl`) VALUES ('133', '15', '7', '20');
INSERT INTO `pgestpizza`.`recette` (`id_recette`, `pizza_id_pizza`, `produit_id_produit`, `quantite_un_gr_cl`) VALUES ('134', '15', '13', '40');
INSERT INTO `pgestpizza`.`recette` (`id_recette`, `pizza_id_pizza`, `produit_id_produit`, `quantite_un_gr_cl`) VALUES ('135', '15', '14', '20');
INSERT INTO `pgestpizza`.`recette` (`id_recette`, `pizza_id_pizza`, `produit_id_produit`, `quantite_un_gr_cl`) VALUES ('136', '15', '15', '20');
INSERT INTO `pgestpizza`.`recette` (`id_recette`, `pizza_id_pizza`, `produit_id_produit`, `quantite_un_gr_cl`) VALUES ('137', '15', '16', '20');
INSERT INTO `pgestpizza`.`recette` (`id_recette`, `pizza_id_pizza`, `produit_id_produit`, `quantite_un_gr_cl`) VALUES ('138', '15', '18', '20');

-- -----------------------------------------------------
-- Table `PGESTpizza`.`commande`
-- -----------------------------------------------------

INSERT INTO `pgestpizza`.`commande` (`id_commande`, `client_id_client`, `pizzaria_id_pizzaria`, `date`, `etat`, `prix`) VALUES ('1', '1', '1', '20200710', 'payé', '47');
INSERT INTO `pgestpizza`.`commande` (`id_commande`, `client_id_client`, `pizzaria_id_pizzaria`, `date`, `etat`, `prix`) VALUES ('2', '2', '1', '20200710', 'payé', '17');
INSERT INTO `pgestpizza`.`commande` (`id_commande`, `client_id_client`, `pizzaria_id_pizzaria`, `date`, `etat`, `prix`) VALUES ('3', '3', '1', '20200710', 'payé', '30');
INSERT INTO `pgestpizza`.`commande` (`id_commande`, `client_id_client`, `pizzaria_id_pizzaria`, `date`, `etat`, `prix`) VALUES ('4', '2', '1', '20200711', 'en prépa', '17');

-- -----------------------------------------------------
-- Table `PGESTpizza`.`composition_commande`
-- -----------------------------------------------------

INSERT INTO `pgestpizza`.`composition_commande` (`id_composition_commande`, `commande_id_commande`, `pizza_id_pizza`) VALUES ('1', '1', '2');
INSERT INTO `pgestpizza`.`composition_commande` (`id_composition_commande`, `commande_id_commande`, `pizza_id_pizza`) VALUES ('2', '1', '5');
INSERT INTO `pgestpizza`.`composition_commande` (`id_composition_commande`, `commande_id_commande`, `pizza_id_pizza`) VALUES ('3', '1', '8');
INSERT INTO `pgestpizza`.`composition_commande` (`id_composition_commande`, `commande_id_commande`, `pizza_id_pizza`) VALUES ('4', '1', '16');
INSERT INTO `pgestpizza`.`composition_commande` (`id_composition_commande`, `commande_id_commande`, `pizza_id_pizza`) VALUES ('5', '2', '14');
INSERT INTO `pgestpizza`.`composition_commande` (`id_composition_commande`, `commande_id_commande`, `pizza_id_pizza`) VALUES ('6', '2', '17');
INSERT INTO `pgestpizza`.`composition_commande` (`id_composition_commande`, `commande_id_commande`, `pizza_id_pizza`) VALUES ('7', '3', '8');
INSERT INTO `pgestpizza`.`composition_commande` (`id_composition_commande`, `commande_id_commande`, `pizza_id_pizza`) VALUES ('8', '3', '11');
INSERT INTO `pgestpizza`.`composition_commande` (`id_composition_commande`, `commande_id_commande`, `pizza_id_pizza`) VALUES ('9', '4', '14');
INSERT INTO `pgestpizza`.`composition_commande` (`id_composition_commande`, `commande_id_commande`, `pizza_id_pizza`) VALUES ('10', '4', '15');

